author_url,name,photo_url,author_title,since,company,bio_full,x_url,linked_in_url,theme_title,theme_description,theme_reviews,num_analysis,num_inv_group_research,num_blog_posts,num_comments,num_likes,num_followers,num_following,scraped_date,vendor_name
https://seekingalpha.com/author/moneyshow,MoneyShow,https://static2.seekingalpha.com/images/users_profile/048/743/478/extra_large_pic.png,,Seeking Alpha Analyst since 2017,MoneyShow,"MoneyShow — an industry pioneer in investor education since 1981 — is a global, financial media company, operating the world's leading investment and trading conferences. Each show brings together thousands of investors to attend workshops, presentations and seminars given by the nation's top financial experts. The company also offers exclusive seminars-at-sea, with the investment industry's leading partners. In addition, MoneyShow operates the award-winning, multimedia online community, Moneyshow.com and publishes free Investing and Trading newsletters, which provide individual investors with exclusive ongoing access to the latest investment and trading ideas from the nation's most respected and trusted financial newsletter advisors.",https://www.twitter.com/MoneyShow,https://www.linkedin.com/company/moneyshow/,,,,257,,,21,10,1.75K,4,2024-11-02,matvey_fedosenko
https://seekingalpha.com/author/sa-transcripts,SA Transcripts,https://static3.seekingalpha.com/images/users_profile/000/101/639/extra_large_pic.png,,Seeking Alpha Analyst since 2013,,"Seeking Alpha's transcripts team is responsible for the development of all of our transcript-related projects. We currently publish thousands of quarterly earnings calls per quarter on our site and are continuing to grow and expand our coverage. The purpose of this profile is to allow us to share with our readers new transcript-related developments. Thanks, SA Transcripts Team",https://twitter.com/SeekingAlpha,https://www.linkedin.com/company/56547/,,,,362.76K,,,1,,149.94K,3,2024-11-02,matvey_fedosenko
https://seekingalpha.com/author/dhierin-bechai,Dhierin Bechai,https://static3.seekingalpha.com/images/users_profile/009/932/311/extra_large_pic.png,Investing Group Leader,Seeking Alpha Analyst since 2013,AeroAnalysis,"Dhierin-Perkash Bechai is an aerospace, defense and airline analyst. 
Dhierin runs the investing group The Aerospace Forum, whose goal is to discover investment opportunities in the aerospace, defense and airline industry. With a background in aerospace engineering, he provides analysis of a complex industry with significant growth prospects, and offers context to developments as they occur, describing how they might affect investment theses. His investing ideas are driven by data informed analysis. The investing group also provides direct access to data analytics monitors. 
Learn more.",https://twitter.com/DPBechai,https://nl.linkedin.com/in/dhierin-perkash-bechai-65039078,The Aerospace Forum,In-depth insights from an expert on the aerospace and airline industries,1,2.08K,669,99,11.15K,1.38K,17.41K,8,2024-11-02,matvey_fedosenko
https://seekingalpha.com/author/the-investment-doctor,The Investment Doctor,https://static1.seekingalpha.com/images/users_profile/012/881/201/extra_large_pic.png,Investing Group Leader,Seeking Alpha Analyst since 2013,,"The Investment Doctor is a financial writer, highlighting European small-caps with a 5-7 year investment horizon. He strongly believes a portfolio should consist of a mixture of dividend and growth stocks.
He is the leader of the investment group European Small Cap Ideas which offers exclusive access to actionable research on appealing Europe-focused investment opportunities not found elsewhere. The a focus is on high-quality ideas in the small-cap space, with emphasis on capital gains and dividend income for continuous cash flow. Features include: two model portfolios - the European Small Cap Ideas portfolio and the European REIT Portfolio, weekly updates, educational content to learn more about the European investing opportunities, and an active chat room to discuss the latest developments of the portfolio holdings. Learn more.",https://twitter.com/SeekingAlpha,https://www.linkedin.com/company/56547/,European Small-Cap Ideas,We zoom in on capital gains and dividend income in European small-caps,7,3.65K,,37,10.4K,1.68K,22.1K,12,2024-11-02,matvey_fedosenko
https://seekingalpha.com/author/jr-research,JR Research,https://static1.seekingalpha.com/images/users_profile/051/630/113/extra_large_pic.png,Investing Group Leader,Seeking Alpha Analyst since 2021,,"JR Research is an opportunistic investor. He was recognized by TipRanks as a Top Analyst. He was also recognized by Seeking Alpha as a ""Top Analyst To Follow"" for Technology, Software, and Internet, as well as for Growth and GARP. He identifies attractive risk/reward opportunities supported by robust price action to potentially generate alpha well above the S&P 500. He has also demonstrated outperformance with his picks. He focuses on identifying growth investing opportunities that present the most attractive risk/reward upside potential. His approach combines sharp price action analysis with fundamentals investing. He tends to avoid overhyped and overvalued stocks while capitalizing on battered stocks with significant upside recovery possibilities. He runs the investing group Ultimate Growth Investing  which specializes in identifying high-potential opportunities across various sectors. He focuses on ideas that has strong growth potential and well-beaten contrarian plays, with an 18 to 24 month outlook for the thesis to play out. The group is designed for investors seeking to capitalize on growth stocks with robust fundamentals, buying momentum, and turnaround plays at highly attractive valuations. Learn more",https://twitter.com/SeekingAlpha,https://www.linkedin.com/in/jjere/,Ultimate Growth Investing,Identifying high-potential growth stocks for your portfolio,4,2.37K,1.23K,4,10.37K,10.64K,37.38K,63,2024-11-02,matvey_fedosenko
https://seekingalpha.com/author/the-value-corner,The Value Corner,https://static3.seekingalpha.com/images/users_profile/056/776/751/extra_large_pic.png,,Seeking Alpha Analyst since 2022,,Buffett-style value picks fit for the modern investor | Top 95th percentile of financial bloggers according to TipRanks.Six years of long-horizon investment portfolio management and consulting. I focus on creating portfolio value through synergetic stock picks and ETFs to create robust and profitable value generation solutions. I do not provide or publish investment advice on Seeking Alpha. My articles are opinion pieces only and are not soliciting any content or security. Opinions expressed in my articles are purely my own. My opinions may change at any time and without notice. Please conduct your own research and analysis before purchasing a security or making investment decisions.,https://twitter.com/SeekingAlpha,https://www.linkedin.com/company/56547/,,,,120,,,167,311,1.72K,7,2024-11-02,matvey_fedosenko
https://seekingalpha.com/author/wall-street-week-ahead,Wall Street Week Ahead,https://static1.seekingalpha.com/images/users_profile/028/971/025/extra_large_pic.png,,Seeking Alpha Analyst since 2014,,"Our news team's weekend preview of upcoming IPOs, earnings reports, conference presentations, investor days, IPO lockup expirations, FDA decisions, Barron's mentions, and other key events that could impact stocks.",https://twitter.com/SeekingAlpha,https://www.linkedin.com/company/56547/,,,,385,,,4,,86.13K,4,2024-11-02,matvey_fedosenko
https://seekingalpha.com/author/individual-trader,Individual Trader,https://static.seekingalpha.com/images/users_profile/000/932/120/extra_large_pic.png,,Seeking Alpha Analyst since 2014,Individual traders,"Individual investor with a keen interest in deriving income from investment setups. We do this by buying undervalued profitable stocks with strong balance sheets & minimal debt. Furthermore, when the opportunity arises, we like to write calls against our positions to bring in additional income. Risk management is controlled through position sizing & the use of trailing stop losses over time.",https://twitter.com/IndvTrader,https://www.linkedin.com/company/56547/,,,,2.16K,,26,2.15K,31,17.78K,63,2024-11-02,matvey_fedosenko
https://seekingalpha.com/author/rida-morwa,Rida Morwa,https://static.seekingalpha.com/images/users_profile/000/016/392/extra_large_pic.png,Investing Group Leader,Seeking Alpha Analyst since 2015,Aiko Capital Ltd- High Dividend Opportunities,"Rida Morwa is a former investment and commercial Banker, with over 35 years of experience. He has been advising individual and institutional clients on high-yield investment strategies since 1991. Rida Morwa leads the Investing Group High Dividend Opportunities  where he teams up with some of Seeking Alpha's top income investing analysts. The service focuses on sustainable income through a variety of high yield investments with a targeted safe +9% yield. Features include: model portfolio with buy/sell alerts, preferred and baby bond portfolios for more conservative investors, vibrant and active chat with access to the service’s leaders, dividend and portfolio trackers, and regular market updates. The service philosophy focuses on community, education, and the belief that nobody should invest alone. Learn More.",https://twitter.com/HighDividends,https://www.linkedin.com/company/56547/,High Dividend Opportunities,"The #1 Service for Income Investors and Retirees, +9% dividend yield.",746,2.21K,,373,38.06K,2.89K,117.64K,81,2024-11-02,matvey_fedosenko
https://seekingalpha.com/author/just-the-facts-maam,Just the Facts Maam,https://static3.seekingalpha.com/images/users_profile/002/727/931/extra_large_pic.png,,Seeking Alpha Analyst since 2015,,"I am presently working on a concept, I call investigative investing. A labor intensive exercise that combines investigative experience with mass collaboration in order to identify grossly undervalued stocks that are sitting on significant price moving information. It is a work in progress.",https://twitter.com/SeekingAlpha,https://www.linkedin.com/company/56547/,,,,15,,,571,12,225,7,2024-11-02,matvey_fedosenko
https://seekingalpha.com/author/juxtaposed-ideas,Juxtaposed Ideas,https://static3.seekingalpha.com/images/users_profile/054/998/043/extra_large_pic.png,,Seeking Alpha Analyst since 2022,,"I am a full-time analyst interested in a wide range of stocks. With my unique insights and knowledge, I hope to provide other investors with a contrasting view of my portfolio, given my particular background.If you have any questions, feel free to reach out to me via a direct message on Seeking Alpha or leave a comment on one of my articles.",https://twitter.com/SeekingAlpha,https://www.linkedin.com/company/56547/,,,,1.12K,,,4.24K,7.54K,12.37K,12,2024-11-02,matvey_fedosenko
https://seekingalpha.com/author/astrada-advisors,Astrada Advisors,https://static3.seekingalpha.com/images/users_profile/000/967/275/extra_large_pic.png,,Seeking Alpha Analyst since 2011,,"Astrada Advisors delivers actionable recommendations that enhance portfolio performance and uncover alpha opportunities, supported by a strong track record in investment research at leading global investment banks. With expertise spanning technology, media, internet, and consumer sectors in North America and Asia, Astrada Advisors excels in identifying high-potential investments and navigating complex industries.Leveraging extensive local and global experience, Astrada Advisors offers a unique perspective on market developments, regulatory changes, and emerging risks. The research integrates rigorous fundamental analysis with data-driven insights, providing a nuanced understanding of key trends, growth drivers, and competitive landscapes.The focus is empowering investors with timely research and a comprehensive view of industry dynamics. Whether navigating volatile markets or exploring new trends, Astrada Advisors remains committed to delivering superior insights to drive informed investment decisions.",https://twitter.com/SeekingAlpha,https://www.linkedin.com/company/56547/,,,,250,,,288,3,692,,2024-11-02,matvey_fedosenko
https://seekingalpha.com/author/john-m-mason,John M. Mason,https://static1.seekingalpha.com/images/users_profile/000/219/293/extra_large_pic.png,,Seeking Alpha Analyst since 2008,,"John M. Mason writes on current monetary and financial events. He is the founder and CEO of New Finance, LLC. Dr. Mason has been President and CEO of two publicly traded financial institutions and the executive vice president and CFO of a third. He has also served as a special assistant to the secretary of the Department of Housing and Urban Development in Washington, D. C. and as a senior economist within the Federal Reserve System. He formerly was on the faculty of the Finance Department, Wharton School, the University of Pennsylvania and was a professor at Penn State University and taught in both the Management Division and the Engineering Division. Dr. Mason has served on the boards of venture capital funds and other private equity funds. He has worked with young entrepreneurs, especially within the urban environment, starting or running companies primarily connected with Information Technology. ",https://twitter.com/SeekingAlpha,https://www.linkedin.com/company/56547/,,,,3.56K,,14,281,105,17.45K,17,2024-11-02,matvey_fedosenko
https://seekingalpha.com/author/the-value-investor,The Value Investor,https://static1.seekingalpha.com/images/users_profile/001/057/833/extra_large_pic.png,Investing Group Leader,Seeking Alpha Analyst since 2011,,"The Value Investor has a Master of Science with specialization in financial markets and a decade of experience tracking companies via catalytic company events.
As the leader of the investing group Value In Corporate Events they provide members with opportunities to capitalize on IPOs, mergers & acquisitions, earnings reports and changes in corporate capital allocation. Coverage includes 10 major events a month with an eye towards finding the best opportunities. Learn more.",https://twitter.com/SeekingAlpha,https://www.linkedin.com/company/56547/,Value In Corporate Events,"Finding value that gets unlocked in M&A, IPOs and other corporate events",,5.89K,411,10,4.4K,151,26.35K,26,2024-11-02,matvey_fedosenko
https://seekingalpha.com/author/selendis-research,Selendis Research,https://static.seekingalpha.com/images/users_profile/059/780/092/extra_large_pic.png,,Seeking Alpha Analyst since 2024,,"With over 7 years of experience in the buy-side, my investment philosophy is rooted in both fundamental bottom-up analysis and quantitative modelling. My forte lies in identifying perception gaps to capitalize on over-pessimism and excessive exuberance. My analysis will concentrate on unique trading opportunities influenced by the macroeconomic landscape and in-depth fundamental research on companies exhibiting signs of dislocation or potential perception gaps ripe for us to capitalize on. I aim to share my analytical passion, engage with like-minded investors, and spark constructive dialogue within the Seeking Alpha community.",https://twitter.com/SeekingAlpha,https://www.linkedin.com/company/56547/,,,,22,,,27,54,117,3,2024-11-02,matvey_fedosenko
https://seekingalpha.com/author/ip-banking-research,IP Banking Research,https://static1.seekingalpha.com/images/users_profile/032/904/585/extra_large_pic.png,,Seeking Alpha Analyst since 2014,Ip banking research,"Independent banking research focuses on financials, deep value, special situations, and financial arbitrage. Agnostic and apolitical approach for scouring the earth for durable and uncorrelated cashflows that work well in both inflationary and deflationary settings.See my tipranks profile below:https://www.tipranks.com/bloggers/ip-banking-researchTo benefit from independent insights and quality analysis from a banking insider - subscribe as a ""real-time"" follower above. ",https://twitter.com/BankingIp,https://www.linkedin.com/company/56547/,,,,349,,,3.99K,805,10.51K,393,2024-11-02,matvey_fedosenko
https://seekingalpha.com/author/macrotips-trading,Macrotips Trading,https://static1.seekingalpha.com/images/users_profile/054/854/261/extra_large_pic.png,,Seeking Alpha Analyst since 2022,,"Author of the Macro Trends & Inflection Points Newsletter. I spent 5 years as a co-founder and hedge fund CIO / manager. Before that, I was a hedge fund analyst/portfolio manager at a leading Canadian alternative asset manager. I write articles as part of my own due diligence on the stocks that I find interesting.Follow my twitter or substack for my thoughts on the macro trends.",http://www.twitter.com/macrotipstrader,https://www.linkedin.com/company/56547/,,,,956,,,849,66,5.35K,12,2024-11-02,matvey_fedosenko
https://seekingalpha.com/author/alexander-steinberg,Alexander Steinberg,https://static1.seekingalpha.com/images/users_profile/019/688/361/extra_large_pic.png,,Seeking Alpha Analyst since 2019,,"Ph.D. and MBA with 20+ years of investment experience. I began my career as a scientist working under a future Nobel laureate before transitioning to executive roles with major U.S. companies. After leading my own business for 15 years, I moved into full-time investing. I share insights drawn from my scientific and executive backgrounds, along with a commitment to continuous self-education. You can also find my work at @alexandersteinberg on Substack.",https://twitter.com/SeekingAlpha,https://www.linkedin.com/company/56547/,,,,121,,,1.8K,44,4.9K,35,2024-11-02,matvey_fedosenko
https://seekingalpha.com/author/bay-area-ideas,Bay Area Ideas,https://static2.seekingalpha.com/images/users_profile/057/947/294/extra_large_pic.png,,Seeking Alpha Analyst since 2023,,"I'm a technically-oriented Canadian investor with a focus on U.S. markets, particularly in tech and financials. I graduated with a Bachelor of Commerce Degree with Distinction, with a major in Finance. I'm also a proud lifetime member of the Beta Gamma Sigma International Business Honour Society.",https://twitter.com/SeekingAlpha,https://www.linkedin.com/company/56547/,,,,29,,,122,43,540,,2024-11-02,matvey_fedosenko
https://seekingalpha.com/author/the-value-edge,The Value Edge,https://static3.seekingalpha.com/images/users_profile/057/785/655/extra_large_pic.png,,Seeking Alpha Analyst since 2023,,Retail investor researching mostly semiconductors and fintech. Some general macro musings. My goal is to bring you timely and digestible research on the stocks that I cover.,https://twitter.com/value_edge7,https://www.linkedin.com/company/56547/,,,,72,,,650,1.03K,2.5K,15,2024-11-02,matvey_fedosenko
https://seekingalpha.com/author/roberts-berzins-cfa,"Roberts Berzins, CFA",https://static1.seekingalpha.com/images/users_profile/049/926/601/extra_large_pic.png,,Seeking Alpha Analyst since 2018,,"Roberts Berzins has over a decade of experience in the financial management helping top-tier corporates shape their financial strategies and execute large-scale financings. He has also made significant efforts to institutionalize REIT framework in Latvia to boost the liquidity of pan-Baltic capital markets. Other policy-level work includes the development of national SOE financing guidelines and framework for channeling private capital into affordable housing stock. Roberts is a CFA Charterholder, ESG investing certificate holder, has had an internship in Chicago board of trade (albeit, being resident and living in Latvia), and is actively involved in ""thought-leadership"" activities to support the development of pan-Baltic capital markets.",https://twitter.com/SeekingAlpha,https://www.linkedin.com/in/roberts-berzins-514410158/,,,,555,,1,2.4K,1.88K,6.91K,4,2024-11-02,matvey_fedosenko
https://seekingalpha.com/author/financially-free-investor,Financially Free Investor,https://static3.seekingalpha.com/images/users_profile/000/434/815/extra_large_pic.png,Investing Group Leader,Seeking Alpha Analyst since 2014,Www.financiallyfreeinvestor.com,"Financially Free Investor is a financial writer with 25 years investment experience. He focuses on investing in dividend-growing stocks with a long-term horizon. He applies a unique 3-basket investment approach that aims for 30% lower drawdowns, 6% current income, and market-beating growth on a long-term basis and he focuses on dividend-growing stocks with a long-term horizon.
He runs the investing group High Income DIY Portfolios which provides vital strategies for portfolio management and asset allocation to help create stable, long-term passive income with sustainable yields. The service includes a total of 10 model portfolios with a range of income targets for varying levels of risk, buy and sell alerts, and live chat. Learn more.",https://twitter.com/SeekingAlpha,https://www.linkedin.com/company/56547/,High Income DIY Portfolios,"High-income, lower-risk portfolios  suited for income-seeking investors.",5,486,395,5,3.37K,263,55.74K,14,2024-11-02,matvey_fedosenko
https://seekingalpha.com/author/cash-flow-venue,Cash Flow Venue,https://static2.seekingalpha.com/images/users_profile/057/852/430/extra_large_pic.png,,Seeking Alpha Analyst since 2024,,"Welcome to Cash Flow Venue, where dividends do the heavy lifting! Blending my financial chops with the timeless wisdom of value investing (and love for steady income), I’ve built a rock-solid pillar in my financial foundation through dividend investing. I believe it’s one of the most accessible paths to achieving financial freedom, and I’m excited to share my insights with you. I’m a finance professional with deep experience in M&A and business valuation. What does that mean in practice? I’ve evaluated countless businesses and played key roles in sell-side and buy-side transactions, guiding clients through the complexities of buying and selling companies. In my day-to-day work, I dive into financial modelling, conduct commercial and financial due diligence to assess a company’s health, negotiate deal terms, and, of course, attend way too many meetings :) My focus spans sectors like tech, real estate, software, finance, and consumer staples - industries I’ve spent years advising and now invest in personally. Today, they make up the core of my portfolio and coverage on this platform. My motivation for writing on Seeking Alpha comes from a desire to not only deepen my own knowledge but also to share value with others who are on a similar path. Dividend investing has played a key role in my financial journey, and I believe it’s one of the most straightforward and accessible ways for anyone to work towards financial freedom. By sharing my insights and experiences, I hope to demystify the process, making it more approachable for those looking to build long-term wealth. Ultimately, my goal is to help facilitate OUR journey to financial freedom, learning and growing together as we navigate the world of dividend investing.",https://twitter.com/SeekingAlpha,https://www.linkedin.com/company/56547/,,,,95,,,857,986,1.35K,13,2024-11-02,matvey_fedosenko
https://seekingalpha.com/author/gary-gambino,Gary Gambino,https://static1.seekingalpha.com/images/users_profile/021/205/541/extra_large_pic.png,,Seeking Alpha Analyst since 2019,,"I retired early after 22 years in the energy industry with roles in engineering, planning, and financial analysis. I have managed my own portfolio since 1998 and have met my goal to match the S+P 500 return over the long term with lower volatility and higher income. I mostly write on positions I already hold or am considering changing. I prefer to hold positions for the long-term unless there is a compelling reason to sell. I look for investment opportunities without regard to asset class, market cap, sector, or yield. I would rather maximize total return over time by buying when price is low relative to intrinsic value.",https://twitter.com/SeekingAlpha,https://www.linkedin.com/company/56547/,,,,344,,2,3.22K,6.87K,5.72K,26,2024-11-02,matvey_fedosenko
https://seekingalpha.com/author/growth-arcane,Growth Arcane,https://static1.seekingalpha.com/images/users_profile/056/773/509/extra_large_pic.png,,Seeking Alpha Analyst since 2023,,"Welcome to my profile !I'm Vincent, and I have over three years of experience as a tech-oriented buy-side analyst at a major bank, where I managed U.S. equity portfolios with over $700M in assets under management. I’ve worked across both large-cap and small-cap stocks, gaining a deep understanding of financial markets. Fascinated by innovation and its potential, my goal is not only to identify tomorrow's future leaders but also to share and discuss these insights with you. I believe every investor should clearly understand what they’re putting their money into. With a growth bias, I aim to break down complex companies with strong potential, making them accessible so you know exactly what you're investing in. Together, let's demystify disruptive companies.",https://twitter.com/SeekingAlpha,https://www.linkedin.com/company/56547/,,,,30,,,44,60,450,5,2024-11-02,matvey_fedosenko
https://seekingalpha.com/author/multiplo-invest,Multiplo Invest,https://static1.seekingalpha.com/images/users_profile/059/387/725/extra_large_pic.png,,Seeking Alpha Analyst since 2024,Multiplo Invest,More than 5 years of experience in equity analysis in LatAm. We provide our clients with in-depth research and insights to help them make informed investment decisions. ,https://twitter.com/SeekingAlpha,https://www.linkedin.com/company/56547/,,,,101,,,271,289,503,7,2024-11-02,matvey_fedosenko
https://seekingalpha.com/author/jussi-askola-cfa,"Jussi Askola, CFA",https://static.seekingalpha.com/images/users_profile/047/644/028/extra_large_pic.png,Investing Group Leader,Seeking Alpha Analyst since 2016,Leonberg Capital - High Yield Landlord,"Jussi Askola is the President of Leonberg Capital, a value-oriented investment boutique that consults hedge funds, family offices, and private equity firms on REIT investing. He has authored award-winning academic papers on REIT investing, has passed all three CFA exams, and has built relationships with many top REIT executives.
 
He is the leader of the investing group High Yield Landlord, where he shares his real-money REIT portfolio and transactions in real-time. Features of the group include: three portfolios (core, retirement, international), buy/sell alerts, and a chat room with direct access to Jussi and his team of analysts to ask questions. Learn more.",https://twitter.com/askjussi,https://www.linkedin.com/in/jussiaskola/,High Yield Landlord,Become a “Passive Landlord” with our 8% Yielding Real Estate Portfolio.,565,1.39K,1.2K,36,32.7K,5.49K,65.93K,162,2024-11-02,matvey_fedosenko
https://seekingalpha.com/author/bargain-buyer,Bargain Buyer,https://static.seekingalpha.com/images/users_profile/058/659/156/extra_large_pic.png,,Seeking Alpha Analyst since 2024,,"Amateur value investor seeking bargains in any market, with a specific focus on emerging markets. Admires great investors such as Li Lu and Peter Lynch, and am not afraid to go against the grain. Willing to buy any company at the right price, and is looking for low-risk and high uncertainty bets. My purpose is to share investment ideas and to clarify my own thinking. It is good to keep an investment journal to monitor past successes and learn from failures. This is a good way to keep a scorecard and to make my ideas public for all to judge. Primarily adopts an owner-mindset, and largely ignores macro-environment noise. I'm an investor, not an economist. Investors make money, economists make forecasts.I am heavily influenced by the work of Henry Hazlitt, Friedrich Hayek, and Ludwig Von Mises in my economic thinking. I recently came across a legendary book 'Economics in One Lesson' and it absolutely blew me away. Never before have I seen such clear, logical economic thinking in a concise format. Going forward readers may see a more Austrian economic way of thinking in my articles.Graduated from NYU Stern, with a Bachelors in Business and a Concentration in Finance.",https://twitter.com/SeekingAlpha,https://www.linkedin.com/company/56547/,,,,117,,,69,44,690,48,2024-11-02,matvey_fedosenko
https://seekingalpha.com/author/michael-dion,Michael Dion,https://static1.seekingalpha.com/images/users_profile/058/416/609/extra_large_pic.png,,Seeking Alpha Analyst since 2023,F9 Finance,"Michael (Mike) Dion is an FP&A, Corporate Finance, and Small Business expert who spent the last 12 years working in the Fortune 100, building a startup's finance and accounting department, advising small businesses, and guiding non-profit organizations as a board member. He has finance experience across multiple industries, including Telecom, Media and Entertainment, Hospitality, and Construction. He founded F9 Finance, a website that helps Finance professionals accelerate their careers; and simplifies Finance and Accounting concepts to make them easily understandable and accessible to Professionals and Small Business Owners.His investment approach is informed by both Fortune 100 and small business experience. He looks for value opportunities where other investors overreact to bad news or underreact to good news—always backed up by strong fundamentals and preferably a dividend. Cash flow isn't just king for companies; it's critical for investors at all levels.",https://www.twitter.com/f9_finance,https://www.linkedin.com/company/f9finance/,,,,98,,,76,53,539,1,2024-11-02,matvey_fedosenko
https://seekingalpha.com/author/the-value-pendulum,The Value Pendulum,https://static1.seekingalpha.com/images/users_profile/005/969/741/extra_large_pic.png,Investing Group Leader,Seeking Alpha Analyst since 2012,,"The Value Pendulum is an Asian equity market specialist with over a decade of experience on both the buy and sell sides.He is the author of the investing group Asia Value & Moat Stocks, providing ideas for value investors seeking investment opportunities listed in Asia, with a particular focus on the Hong Kong market. He hunts for deep value balance sheet bargains and wide moat stocks and provides a range of watch lists with monthly updates within his investing group.",https://twitter.com/SeekingAlpha,https://www.linkedin.com/company/56547/,Asia Value & Moat Stocks,"Uncover cheap stocks, great businesses listed in Asia focusing on Hong Kong ",10,2.73K,,9,1.24K,,12.3K,12,2024-11-02,matvey_fedosenko
https://seekingalpha.com/author/austin-rogers,Austin Rogers,https://static2.seekingalpha.com/images/users_profile/049/873/922/extra_large_pic.png,Investing Group,Seeking Alpha Analyst since 2019,,"Austin Rogers is a REIT specialist with a professional background in commercial real estate. He writes about high-quality dividend growth stocks with the goal of generating the safest growing passive income stream possible. Since his ideal holding period is ""lifelong,"" his focus is on portfolio income growth rather than total returns. Austin is a contributing author for the investing group High Yield Landlord, one of the largest real estate investment communities on Seeking Alpha, with thousands of members. It offers exclusive research on the global REIT sector, multiple real money portfolios, an active chat room, and direct access to the analysts. Learn more.",https://twitter.com/SeekingAlpha,https://www.linkedin.com/company/56547/,High Yield Landlord,Become a “Passive Landlord” with our 8% Yielding Real Estate Portfolio.,565,743,1.2K,2,6.16K,6.9K,18.92K,44,2024-11-02,matvey_fedosenko
https://seekingalpha.com/author/fred-piard,Fred Piard,https://static3.seekingalpha.com/images/users_profile/002/496/631/extra_large_pic.png,Investing Group Leader,Seeking Alpha Analyst since 2012,,"Fred Piard, PhD. is a quantitative analyst and IT professional with over 30 years of experience working in technology. He is the author of three books and has been investing in data-driven systematic strategies since 2010. Fred runs the investing group Quantitative Risk & Value where he shares a portfolio invested in quality dividend stocks, and companies at the forefront of tech innovation. Fred also supplies market risk indicators, a real estate strategy, a bond strategy, and an income strategy in closed-end funds. Learn more.",https://twitter.com/SeekingAlpha,https://www.linkedin.com/company/56547/,Quantitative Risk & Value,Data-driven portfolios and risk indicators.,16,1.77K,,,2.51K,1.1K,15.75K,25,2024-11-02,matvey_fedosenko
https://seekingalpha.com/author/new-deal-democrat,New Deal Democrat,https://static1.seekingalpha.com/images/users_profile/049/540/393/extra_large_pic.png,,Seeking Alpha Analyst since 2018,,"New Deal democrat As a professional who started an individual investor for almost 30 yeas ago, I quickly focused on economic cycles and the order in which they typically proceed. I have been writing about the economy for nearly 15 of those years, developing several alternate systems that include mid-cycle, long leading, short leading, coincident, lagging and long lagging indicators. I also focus particularly on their effects on average working and middle class Americans.",https://twitter.com/SeekingAlpha,https://www.linkedin.com/company/56547/,,,,641,,,443,2,4.56K,3,2024-11-02,matvey_fedosenko
https://seekingalpha.com/author/seeking-profits,Seeking Profits,https://static2.seekingalpha.com/images/users_profile/013/071/522/extra_large_pic.png,,Seeking Alpha Analyst since 2013,,"Over fifteen years of experience making contrarian bets based on my macro view and stock-specific turnaround stories to garner outsized returns with a favorable risk/reward profile. If you want me to cover a specific stock or have a question for an article, just let me know!",https://twitter.com/SeekingAlpha,https://www.linkedin.com/company/56547/,,,,972,,,535,268,4.19K,24,2024-11-02,matvey_fedosenko
https://seekingalpha.com/author/on-the-pulse,On the Pulse,https://static1.seekingalpha.com/images/users_profile/054/097/509/extra_large_pic.png,,Seeking Alpha Analyst since 2021,,"A financial researcher and avid investor with a keen eye for innovation and disruption, as well as growth buy-outs and value stocks. Keeping an eye on the pace of high tech and early growth companies, I write about current events and the biggest news surrounding the industry, and strive to provide readers with ample research and investment opportunities.",https://twitter.com/SeekingAlpha,https://www.linkedin.com/company/56547/,,,,839,,,132,669,12.71K,4,2024-11-02,matvey_fedosenko
https://seekingalpha.com/author/mike-fay,Mike Fay,https://static1.seekingalpha.com/images/users_profile/050/832/021/extra_large_pic.png,,Seeking Alpha Analyst since 2019,,"Former media research analyst. Main coverage areas are crypto, BTC miners, metal, and media equities. Outside of Seeking Alpha, I write the Heretic Speculator newsletter where I share additional thoughts on finance with more of a social backdrop.",https://twitter.com/faybomb,https://www.linkedin.com/company/56547/,,,,383,,,554,363,4.72K,31,2024-11-02,matvey_fedosenko
https://seekingalpha.com/author/andrew-mach,Andrew Mach,https://static2.seekingalpha.com/images/users_profile/050/233/930/extra_large_pic.png,,Seeking Alpha Analyst since 2024,,"Oil, Gas, Energy, Metals - That's the core of my research.I am a semi-retired former engineer who switched careers in 2018 to focus on capital management. I acquired most of my knowledge about finance and valuation from NYU Professor Damodaran and books like ""Margin of Safety"" and ""The Intelligent Investor.""I specialize in fundamental analysis and require both a deep ""Margin of Safety"" and a ""Catalyst"" to consider adding a stock to my portfolio. My portfolio usually contains no more than 10 stocks.I joined Seeking Alpha because writing helps me to organize my thoughts and allows me to share with others. Subscribe if you enjoy deep insights into the energy sector and want to better understand what you are buying.",https://twitter.com/AndrewMach_SA,https://www.linkedin.com/company/56547/,,,,21,,,204,187,679,18,2024-11-02,matvey_fedosenko
https://seekingalpha.com/author/dividend-sensei,Dividend Sensei,https://static3.seekingalpha.com/images/users_profile/047/572/571/extra_large_pic.png,Investing Group,Seeking Alpha Analyst since 2016,Wide Moat Research,"Dividend Sensei (Adam Galas) is an Army veteran and stock analyst with 20+ years of market experience. 
He is a founding author of the investing group The Dividend Kings which focuses on helping investors safeguard and grow their money in all market conditions through the highest-quality dividend investments. Dividend Sensei and the team of analysts (Brad Thomas, Justin Law, Nicholas Ward, Chuck Carnevale, and Sebastian Wolf) help members invest more intelligently in dividend stocks. Features include: 13 model portfolios, buy ideas, company research reports, and a thriving chat community for readers looking to learn how to invest more intelligently in dividend stocks. Learn more.",https://twitter.com/adamgalas1,https://www.linkedin.com/in/adam-galas-8039bb1a8/,The Dividend Kings,Maximize your income with the world’s highest-quality dividend investments ,412,1.64K,2.88K,58,51.42K,692,113.57K,7,2024-11-02,matvey_fedosenko
https://seekingalpha.com/author/max-greve,Max Greve,https://static1.seekingalpha.com/images/users_profile/008/516/601/extra_large_pic.png,,Seeking Alpha Analyst since 2015,,"Max Greve is a graduate of Northwestern University with a quadruple major in History, Economics, Political Science, and International Studies. Max is a full-time writer and in addition to stock market trends also writes articles on government, current events, macroeconomic trends, and last but not least, the ongoing inefficiencies of professional sports.",http://twitter.com/maxgreve,https://www.linkedin.com/company/56547/,,,,326,,1,1.3K,,3.47K,4,2024-11-02,matvey_fedosenko
https://seekingalpha.com/author/london-stock-market-research,London Stock Market Research,https://static1.seekingalpha.com/images/users_profile/060/552/425/extra_large_pic.png,,Seeking Alpha Analyst since 2024,,"London Stock Market Research is a service offered by an ex-investment banker from the city of London. After around 11 years in the industry, I decided to drop out, and made dollars out of what I learned in business. I appreciate value investments, and I usually buy companies that trade at close to 10x earnings, and offer dividend yield. I mainly research small caps, and mid caps from the United States, Canada, South America, UK, France, and Germany.-------------------------------------------------------------------------------------Disclaimer: I do not offer financial advice. This is only my opinion about the price of stocks. Readers may want to hire an investment adviser. My articles may also include mistakes about future EPS forecasts, EBITDA forecasts, net sales forecasts, and other expectations. My valuation models may also include assumptions about the cost of capital, cost of equity, or future growth. These assumptions may be too optimistic, or too pessimistic. ",https://twitter.com/SeekingAlpha,https://www.linkedin.com/company/56547/,,,,51,,,26,5,256,3,2024-11-02,matvey_fedosenko
https://seekingalpha.com/author/the-value-portfolio,The Value Portfolio,https://static1.seekingalpha.com/images/users_profile/034/591/885/extra_large_pic.png,Investing Group Leader,Seeking Alpha Analyst since 2015,,"The Value Portfolio specializes in building retirement portfolios and utilizes a fact-based research strategy to identify investments. This includes extensive readings of 10Ks, analyst commentary, market reports, and investor presentations. He invests real money in the stocks he recommends.
He is the leader of the investing group The Retirement Forum with features including: model portfolios, macro overviews, in-depth company analysis and retirement planning information. Learn more.",https://twitter.com/SeekingAlpha,https://www.linkedin.com/company/56547/,The Retirement Forum,"The #1 Service for Retirement Success, Actionable Ideas + Model Portfolios!",4,1.81K,636,6,6.39K,2.34K,34.79K,40,2024-11-02,matvey_fedosenko
https://seekingalpha.com/author/mountain-valley-value-investments,Mountain Valley Value Investments,https://static3.seekingalpha.com/images/users_profile/052/578/947/extra_large_pic.png,,Seeking Alpha Analyst since 2023,,"Mountain Valley Value Investments specializes in identifying undervalued companies with strong growth potential across various sectors. Focused on long-term value and buying at the right price, we leverage deep industry insights and rigorous analysis to uncover opportunities with the potential to deliver strong returns. Our investment philosophy is rooted in disciplined research and a commitment to highlighting risks that may impact the thesis. We aim to provide our readers with actionable investment ideas that stand the test of time. Follow us for in-depth analysis and thoughtful perspectives on high-potential stocks.",https://twitter.com/SeekingAlpha,https://www.linkedin.com/company/56547/,,,,43,,,52,,373,4,2024-11-02,matvey_fedosenko
https://seekingalpha.com/author/uttam-dey,Uttam Dey,https://static1.seekingalpha.com/images/users_profile/059/636/229/extra_large_pic.png,,Seeking Alpha Analyst since 2023,The Pragmatic Optimist Newsletter,"Uttam is a growth-oriented investment analyst whose equity research primarily focuses on the technology sector. Semiconductors, Artificial Intelligence and Cloud software are some of the key sectors that are regularly researched and published by him. His research also focuses on other areas such as MedTech, Defense Tech, and Renewable Energy. In addition, Uttam also authors The Pragmatic Optimist Newsletter along with his wife, Amrita Roy, who is also an author on the newsletter as well as on this platform. Their newsletter gets regularly cited by leading publications such as the Wall Street Journal, Forbes, etc. Prior to publishing his research, Uttam worked in Silicon Valley, leading teams for some of the largest technology firms in the world, including Apple and Google.",https://twitter.com/BombayBuffet,https://www.linkedin.com/in/uttamdey/,,,,172,,,603,713,1.54K,12,2024-11-02,matvey_fedosenko
https://seekingalpha.com/author/joseph-l-shaefer,Joseph L. Shaefer,https://static2.seekingalpha.com/images/users_profile/000/142/982/extra_large_pic.png,Investing Group Leader,Seeking Alpha Analyst since 2008,Stanford Wealth Management,"Joseph L. Shaefer is a geopolitical, economic, and resource analyst. He is a retired military Flag Officer with deep experience in Special Operations and Intelligence, a former professor, and is today the leader of the investing group The Investor's EdgeHis approach to investing is universal. "" There is a time for everything and a season for every activity under the heavens."" He does not blindly invest in Growth, Aggressive Growth, Value, REITs, Tech, or anything else. Those who ""specialize"" in a particular area will live and die (financially!) on that one approach. Instead, he reviews each of the 11 Sectors that comprise the S&P 500 to find the best investments across all sectors for a balance between Growth, Value, and steady Income. Features include the Growth &Value sample portfolio, 5 decades of experience, 3 to 4 articles monthly exclusively for subscribers, and access to Joseph and his community in a chat arena that is reviewed daily.Learn more.",http://www.twitter.com/@JoeShaefer,https://www.linkedin.com/company/56547/,The Investor's Edge®,Profit from our 50-year history in the financial business,15,503,508,223,3.25K,3.36K,25.79K,26,2024-11-02,matvey_fedosenko
https://seekingalpha.com/author/deep-value-investing,Deep Value Investing,https://static.seekingalpha.com/images/users_profile/060/524/232/extra_large_pic.png,,Seeking Alpha Analyst since 2024,,"Small deep value individual investor, with a modest private investment portfolio, split approx. 50%-50% between shares and call options. I have a B.Sc. in aeronautical engineering and over 6 years of experience as an engineering consultant in the aerospace sector. The latter statement is not relevant in any way whatsoever to my investment style, but I thought to add it for self-indulgent purposes. I have a contrarian investment style, highly risky, and often dealing with illiquid options. How illiquid? Well, you can land a Jumbo on the spread and still have clearance for take-off. From time to time, I buy shares, mostly to not be categorized as a degen by my fellow investor friends, therefore the 50%-50% allocation. My timeframe tends to be between 3-24 months.I like stocks that have experienced a recent sell-off due to non-recurrent events, particularly when insiders are buying shares at the new lower price. This is how I often screen through thousands of stocks, mainly in the US, although I may own shares in banana republics. I use fundamental analysis to check the health of companies that pass through my screening process, their leverage, and then compare their financial ratios with the sector, and industry median and average. I also do professional background checks of each insider who purchased shares after the recent sell-off. I use technical analysis to optimize the entry and exit points of my positions. I mainly use multicolor lines for support and resistance levels on weekly charts. From time to time I draw trend lines, taken for granted, in multicolor patterns. Note: I tried to keep my introduction as real, and authentic as possible. I dislike empty suits, high-level BS, deep-level BS, unnecessary jargon, and self-indulgent, third-person written introductions with an air of superiority.Thanks for reading my introduction! ",https://twitter.com/SeekingAlpha,https://www.linkedin.com/company/56547/,,,,111,,,59,88,579,,2024-11-02,matvey_fedosenko
https://seekingalpha.com/author/simple-investing,Simple Investing,https://static2.seekingalpha.com/images/users_profile/055/407/818/extra_large_pic.png,Investing Group Leader,Seeking Alpha Analyst since 2021,,"Simple Investing is a former hedge fund and long-only portfolio manager with a track record for outperformance. He managed more than $1 billion in AUM, and is a CFA charter holder who holds degrees in Finance and Accounting. He runs the Investing Group Outperforming the Market. While having a pure growth or pure value portfolio may do well in certain markets, it leaves investors vulnerable to certain investment styles going out of favor. The objective of Outperforming the Market is to outperform the S&P 500 across market cycles. This is achieved through The Barbell Portfolio, which is comprised of high conviction growth and contrarian stocks. Learn more.",https://twitter.com/SeekingAlpha,https://www.linkedin.com/company/56547/,Outperforming the Market,High conviction growth and contrarian ideas for long-term outperformance,32,341,478,30,1.32K,974,7.45K,6,2024-11-02,matvey_fedosenko
https://seekingalpha.com/author/binary-tree-analytics,Binary Tree Analytics,https://static.seekingalpha.com/images/users_profile/048/943/276/extra_large_pic.png,,Seeking Alpha Analyst since 2021,Binary Tree Analytics,"With an investment banking cash and derivatives trading background, Binary Tree Analytics ('BTA') aims to provide transparency and analytics in respect to capital markets instruments and trades. BTA focuses on CEFs, ETFs and Special Situations, and aims to deliver high annualized returns with a low volatility profile. We have been investing for over 20 years after obtaining a Finance major at a top university.",https://twitter.com/BTA_Binary_Tree,https://www.linkedin.com/company/56547/,,,,985,,,1.38K,1.67K,4.78K,108,2024-11-02,matvey_fedosenko
https://seekingalpha.com/author/oakoff-investments,Oakoff Investments,https://static1.seekingalpha.com/images/users_profile/053/838/465/extra_large_pic.png,Investing Group,Seeking Alpha Analyst since 2021,,"Oakoff Investments is a personal portfolio manager and a quantitative research analyst with 5 years helping readers find a reasonable balance between growth and value by sharing proprietary Wall Street information.
He leads the investing group Beyond the Wall Investing with features that include: a fundamentals-based portfolio, weekly analysis on insights from institutional investors, regular alerts for short-term trade ideas based on technical signals, ticker feedback by request from readers, and community chat. Learn more.",https://twitter.com/SeekingAlpha,https://www.linkedin.com/company/56547/,Beyond the Wall Investing,Discover What Wall Street Is Buying,,278,,2,362,1.23K,6.01K,,2024-11-02,matvey_fedosenko
https://seekingalpha.com/author/bernard-zambonin,Bernard Zambonin,https://static1.seekingalpha.com/images/users_profile/051/784/245/extra_large_pic.png,,Seeking Alpha Analyst since 2023,DM Martins Research,"I am a researcher and operations manager at DM Martins Research. Previously, I contributed to TheStreet and currently write for platforms such as TipRanks and GuruFocus. Here at Seeking Alpha, my goal is to provide insightful analysis primarily on foreign equities, with a focus on emerging markets, to empower informed investment decisions.",https://twitter.com/SeekingAlpha,https://www.linkedin.com/in/bernardzambonin/,,,,156,,,60,143,746,3,2024-11-02,matvey_fedosenko
https://seekingalpha.com/author/colorado-wealth-management-fund,Colorado Wealth Management Fund,https://static.seekingalpha.com/images/users_profile/014/527/192/extra_large_pic.png,Investing Group Leader,Seeking Alpha Analyst since 2014,,Join our free service or read our blog posts (full articles w/ discount link). Click full bio for links. Contact me if they don't work.I'm known for posting snarky articles. ,https://twitter.com/ColoradoWealth/articles?lang=en,https://www.linkedin.com/in/colorado-wealth-management-fund/recent-activity/articles/,The REIT Forum,Get exclusive articles. Never sent public.,187,3.3K,2.37K,236,19.71K,10.83K,61.95K,71,2024-11-02,matvey_fedosenko
https://seekingalpha.com/author/albert-anthony,Albert Anthony,https://static2.seekingalpha.com/images/users_profile/058/572/054/extra_large_pic.png,,Seeking Alpha Analyst since 2023,,"This is the official page of Croatian-American media personality Albert Anthony. Since 2023 he has been a media contributor to global financial media portal Seeking Alpha, reaching +1MM investors worldwide & his content often averaging +25,000 views monthly. As an independent contributor, his content on the Seeking Alpha portal provides curated analysis of stocks trading on major US exchanges, and building a diversified dividend income portfolio, but also a forward- looking view of where he thinks a stock will go in the future and why. Appearing under pen name /stage name Albert Anthony, he also is a host at independent media channel Online Live TV Croatia, and has been featured in or has written for Croatians Online, The Dubrovnik Times, Timeout, and others in the US and Croatia. Since 2023, he has also played extra roles for casting agencies in various film & TV productions in Europe, including the Polish WWII film Red Poppies (2024). Born Albert Anthony Bozulic to a first-generation Croatian family in the NYC area, he has also called home the Pacific Northwest, Texas, and Croatia. In 2023 he was involved in city council politics in Croatia, and in 2024 ran as a candidate for Parliament in Croatia. In 2024 he also became a member of the non-profit organization Croatian Economic Association, which brings together thought leaders in the field of economics, monetary policy and management.After earning a B.A. from Drew University, he spent several years working as an information systems analyst as well as at financial firm Charles Schwab in the US. Albert Anthony has completed additional certifications from the London School of Business Administration, Corporate Finance Institute, UVA Darden School of Business, Microsoft and CompTIA. | Follow his media clips on Twitter(X) @albertanthony25 or you can write letters to Albert Anthony by emailing albertanthony25@outlook.com.*Disclaimer: the author is an independent contributor of analysis and does not provide personalized financial advisory, does not sell or market any financial products and solutions, nor is a registered financial advisor or broker-dealer. His coverage on this site is to be considered generalized market commentary and personal opinion. The author discloses that he does not have any material holding in any of the stocks covered at the time of article writing, unless otherwise disclosed, nor does he receive compensation from those companies for covering them. The author does not write about fixed-income, mutual funds, cryptocurrency, or non-exchange traded equities such as penny stocks or pink sheets. ",https://twitter.com/albertanthony25,https://www.linkedin.com/in/albertanthony25/,,,,235,,,404,1.02K,1.05K,5,2024-11-02,matvey_fedosenko
https://seekingalpha.com/author/ads-analytics,ADS Analytics,https://static3.seekingalpha.com/images/users_profile/030/644/215/extra_large_pic.png,Investing Group Leader,Seeking Alpha Analyst since 2016,ADS Analytics LLC,"ADS Analytics is a team of analysts with experience in research and trading departments at several industry-leading global investment banks. They focus on generating income ideas from a range of security types including: CEFs, ETFs and mutual funds, BDCs as well as individual preferred stocks and baby bonds.ADS Analytics runs the investing group Systematic Income which features 3 different portfolios for a range of yield targets as well interactive tools for investors, daily updates and a vibrant community.",https://twitter.com/SeekingAlpha,https://www.linkedin.com/company/56547/,Systematic Income,"Income investing across BDCs, CEFs, ETFs, preferreds, baby bonds and more.",37,1.27K,1.23K,144,3.47K,6,12.26K,89,2024-11-02,matvey_fedosenko
https://seekingalpha.com/author/mises-institute,Mises Institute,https://static3.seekingalpha.com/images/users_profile/035/056/015/extra_large_pic.png,,Seeking Alpha Analyst since 2014,,"The Mises Institute is the world’s largest, oldest, and most influential educational institution devoted to promoting Austrian economics, freedom, and peace in the tradition of classical liberalism. Since 1982, the Mises Institute has provided both scholars and laymen with resources to broaden their understanding of the economic school of thought known as Austrian economics. This school is most closely associated with our namesake, economist Ludwig von Mises.We are the worldwide epicenter of the Austrian movement. Through their research in the fields of economics, history, philosophy, and political theory, Mises’s students F.A. Hayek, Henry Hazlitt, Murray Rothbard, and others carried the Austrian School into the late twentieth century. Today, Mises Institute scholars and researchers continue the important work of the Austrian School.Austrian economics is a method of economic analysis, and is non-ideological. Nonetheless, the Austrian School has long been associated with libertarian and classical-liberal thought—promoting private property and freedom, while opposing war and aggression of all kinds. The Mises Institute continues to support research and education in this radical pro-freedom tradition of historians, philosophers, economists, and theorists such as Jean-Baptiste Say, Frédéric Bastiat, Richard Cobden, Herbert Spencer, Lysander Spooner, William Graham Sumner, Albert Jay Nock, Mises, Hayek, Hazlitt, Rothbard, and many others.",https://twitter.com/SeekingAlpha,https://www.linkedin.com/company/56547/,,,,497,,,,,2.34K,,2024-11-02,matvey_fedosenko
https://seekingalpha.com/author/may-investing-ideas,May Investing Ideas,https://static.seekingalpha.com/images/users_profile/059/531/952/extra_large_pic.png,,Seeking Alpha Analyst since 2023,,"I am an individual investor that is now fully focus on managing my own capital that I have saved up over the years. My investing background spreads across a wide spectrum as I believe there are merits to each approach, for instance: Fundamental investing [Bottoms-up etc.], Technical investing [historical charts analysis], and to some extend momentum investing [share price reaction post earnings etc.]. Over the years, I have used the positive aspects of each approach to hone my investing process. The reason to write on SeekingAlpha is to use this platform as a tracker for my investing ideas performance, and also to connect with like-minded investors that have the same investing interest.",https://twitter.com/SeekingAlpha,https://www.linkedin.com/company/56547/,,,,120,,,49,20,326,,2024-11-02,matvey_fedosenko
https://seekingalpha.com/author/doug-short,Doug Short,https://static1.seekingalpha.com/images/users_profile/000/144/689/extra_large_pic.png,,Seeking Alpha Analyst since 2010,Advisor perspectives,Advisor Perspectives is a leading interactive publisher for Registered Investment Advisors. Our AP Charts & Analysis portion of our website analyzes economic and market trends.,https://twitter.com/SeekingAlpha,https://www.linkedin.com/company/56547/,,,,3.05K,,,158,433,6.17K,23,2024-11-02,matvey_fedosenko
https://seekingalpha.com/author/mv-financial,MV Financial,https://static3.seekingalpha.com/images/users_profile/027/099/103/extra_large_pic.png,,Seeking Alpha Analyst since 2014,,"MV Financial is a Washington DC-area asset manager offering investment advisory services through MV Capital Management, a Registered Investment Advisor. We specialize in deep research across a wide range of asset classes and investment vehicles, with the goal of transforming knowledge into actionable investment solutions for our individual, family and institutional clientele.",https://twitter.com/SeekingAlpha,https://www.linkedin.com/company/56547/,,,,280,,,,,922,3,2024-11-02,matvey_fedosenko
https://seekingalpha.com/author/jay-capital,Jay Capital,https://static2.seekingalpha.com/images/users_profile/057/183/074/extra_large_pic.png,,Seeking Alpha Analyst since 2022,,"I take a fundamentals-based approach to value investing.I disagree with the common misconception held by many investors that low multiple stocks must be cheap. I look for companies that offer the best long-term durability at the most affordable prices. Consequently, I have a propensity to be drawn to companies with steady long-term growth, no cyclicality, and a robust balance sheet.Nevertheless, investing in successful company is risky because one may end up paying too much (this is where valuation matters). I firmly believe this, yet there are situations where the development runway is so vast that price matters much less in the immediate future.",https://twitter.com/SeekingAlpha,https://www.linkedin.com/company/56547/,,,,438,,,41,42,1.16K,,2024-11-02,matvey_fedosenko
https://seekingalpha.com/author/principal-financial-group,Principal Financial Group,https://static.seekingalpha.com/images/users_profile/038/101/276/extra_large_pic.png,,Seeking Alpha Analyst since 2015,The Principal Financial Group,"The Principal Financial Group (The Principal®) is a global investment management leader offering retirement services, insurance solutions and asset management. The Principal offers businesses, individuals and institutional clients a wide range of financial products and services, including retirement, asset management and insurance through its diverse family of financial services companies. Founded in 1879 and a member of the FORTUNE 500®, the Principal Financial Group has $519.3 billion in assets under management1 and serves some 19.7 million customers worldwide from offices in Asia, Australia, Europe, Latin America and the United States. Principal Financial Group, Inc. is traded on the New York Stock Exchange under the ticker symbol PFG. For more information, visit www.principal.com. 
Insurance products issued by Principal National Life Insurance Co (except in NY) and Principal Life Insurance Co. Plan administrative services offered by Principal Life. Principal Funds, Inc. is distributed by Principal Funds Distributor, Inc. Securities offered through Princor Financial Services Corp., 800/247-1737, Member SIPC and/or independent broker/dealers. Principal National, Principal Life, Principal Funds Distributor, Inc. and Princor® are members of the Principal Financial Group®, Des Moines, IA 50392.
Investing involves market risk, including possible loss of principal.",https://twitter.com/SeekingAlpha,https://www.linkedin.com/company/56547/,,,,437,,,2,,1.09K,3,2024-11-02,matvey_fedosenko
https://seekingalpha.com/author/brian-gilmartin-cfa,"Brian Gilmartin, CFA",https://static3.seekingalpha.com/images/users_profile/000/115/071/extra_large_pic.png,,Seeking Alpha Analyst since 2012,,"Brian Gilmartin, is a portfolio manager at Trinity Asset Management, a firm he founded in May, 1995, catering to individual investors and institutions that werent getting the attention and service deserved, from larger firms. Brian started in the business as a fixed-income / credit analyst, with a Chicago broker-dealer, and then worked at Stein Roe & Farnham in Chicago, from 1992 - 1995, before striking out on his own and managing equity and balanced accounts for clients. Brian has a BSBA (Finance) from Xavier University, Cincinnati, Ohio, (1982) and an MBA (Finance) from Loyola University, Chicago, January, 1985. The CFA was awarded in 1994. Brian has been fortunate enough to write for the TheStreet.com from 2000 to 2012, and then the WallStreet AllStars from August 2011, to Spring, 2012. Brian also wrote for Minyanville.com, and has been quoted in numerous publications including the Wall Street Journal.",https://twitter.com/SeekingAlpha,https://www.linkedin.com/company/56547/,,,,1.82K,,1,7.94K,406,10.5K,59,2024-11-02,matvey_fedosenko
https://seekingalpha.com/author/gs-investing,GS Investing,https://static.seekingalpha.com/images/users_profile/057/257/108/extra_large_pic.png,,Seeking Alpha Analyst since 2022,,"I consider an investment ideal if it performs its core business in a sector projected to experience structural (organic) growth in excess of GDP growth over the next 5-10 years; profits from sustainable competitive advantages that translate into attractive unit economics; In the hands of competent, ethical, and long-term thinkers; with a fair valuation",https://twitter.com/SeekingAlpha,https://www.linkedin.com/company/56547/,,,,415,,,56,35,1.22K,,2024-11-02,matvey_fedosenko
https://seekingalpha.com/author/pedro-goulart,Pedro Goulart,https://static3.seekingalpha.com/images/users_profile/059/215/211/extra_large_pic.png,,Seeking Alpha Analyst since 2024,Goulart's Restaurant Stocks,"I'm an Equity Analyst and Accountant specializing in restaurant stocks, with a strong foundation in Business Administration and Accounting, complemented by an MBA in Forensic Accounting and Controllership. As the founder of Goulart's Restaurant Stocks, I lead a company focused on analyzing restaurant stocks in the U.S. market. Our coverage spans multiple segments, including QSR, fast casual, casual dining, fine dining, and family dining. We employ advanced analytical models and specialized valuation techniques to deliver detailed insights and actionable strategies, helping investors make informed, strategic decisions. In addition to my financial market work, I actively engage in academic and journalistic initiatives. I contribute regularly to institutions that promote individual and economic freedom, such as the Mises Institute, Mises Brasil, and SNB&CHF. Previously, I was a columnist for Investing Brasil, where I discussed topics like monetary policy, financial education, and financial modeling, aiming to make these subjects accessible to a broader audience. My experience also includes accounting and business consulting for companies across LATAM, where I serve as an independent accountant and consultant.",https://twitter.com/SeekingAlpha,https://www.linkedin.com/in/pedro-goulart-06bb372b2/,,,,59,,,219,257,229,20,2024-11-02,matvey_fedosenko
https://seekingalpha.com/author/justin-law,Justin Law,https://static3.seekingalpha.com/images/users_profile/041/194/975/extra_large_pic.png,Investing Group,Seeking Alpha Analyst since 2017,,"Justin Law has a Ph.D in Chemistry from Rice University and has earned the CFA Institute Investment Foundations certificate. He applies his knowledge to deep value and dividend paying stocks.Justin is a contributor to the investing group The Dividend Kings where he curates the Dividend Champions list, a monthly publication of companies with a history of consistently increasing their dividends. The Dividend Kings is a group of analysts teaching individuals how to invest more wisely in dividend stocks. Learn More.",https://twitter.com/SeekingAlpha,https://www.linkedin.com/company/56547/,The Dividend Kings,Maximize your income with the world’s highest-quality dividend investments ,412,491,2.88K,2,369,,19.27K,4,2024-11-02,matvey_fedosenko
https://seekingalpha.com/author/stockbros-research,StockBros Research,https://static1.seekingalpha.com/images/users_profile/052/427/545/extra_large_pic.png,Investing Group Leader,Seeking Alpha Analyst since 2020,,"I prefer to look for GARP (growth at a reasonable price) stocks but also look for opportunities everywhere else. I don't have a specified time horizon. I invest in a stock for as long as my thesis holds true, and I get out when the facts change. In addition, I've developed market-beating algorithms with Python that have helped me find attractive investment opportunities within my own portfolio, and I have been investing since 2016.On top of that, I've worked at TipRanks as an analysis/news writer and even as an editor for a few years, which not only kept me on top of the market but also helped me understand what people are interested in reading. Further, as an editor, I learned to pay attention to detail and found that there's plenty of misinformation and ""fluff"" out there that needs to be corrected. Thus, my goal is to provide accurate and useful information to the best of my abilities.I was previously associated with Investor's Compass.",https://twitter.com/StockBrosTrades,https://www.linkedin.com/company/56547/,All About the Numbers,"We look for hidden trends, suspicious metrics and competitive advantages.",,115,,3,255,185,2.57K,6,2024-11-02,matvey_fedosenko
https://seekingalpha.com/author/ploutos-investing,Ploutos Investing,https://static3.seekingalpha.com/images/users_profile/022/895/591/extra_large_pic.png,,Seeking Alpha Analyst since 2017,,"I am a value focused investor. Stocks rise and fall for many different reasons that we often cannot predict. Eventually, it is those companies with a wide moat and the ability to generate cash flow that prevail. Therefore, my investment focus is to find value stocks that are able to generate cash flow, with sustainable dividends and provide growth over time. I focus my attention on analyzing large-capped dividend growth stocks, REITs and ETFs. I aim at providing a quarterly update and insights on stocks I follow. Please feel free to browse the articles that I wrote and provide any comments.",https://twitter.com/SeekingAlpha,https://www.linkedin.com/company/56547/,,,,1.21K,,2,933,311,7.01K,23,2024-11-02,matvey_fedosenko
https://seekingalpha.com/author/quipus-capital,Quipus Capital,https://static.seekingalpha.com/images/users_profile/051/700/268/extra_large_pic.png,,Seeking Alpha Analyst since 2021,Quipus Capital,"Long-only investment, evaluating companies from an operational, buy-and-hold perspective.Quipus Capital does not focus on market-driven dynamics and future price action. Instead, our articles focus on operational aspects, understanding the long-term earnings power of companies, the competitive dynamics of the industries where they participate, and buying companies that we would like to hold independently of how the price moves in the future. Most QC calls will be holds, and that is by design. Only a very small fraction of companies should be a buy at any point in time. However, hold articles provide important information for future investors and a healthy dose of skepticism to a relatively bullish-biased market.Disclaimer: All of the author's articles are written on an ""as is"" basis and without warranty. They represent the author's opinion only and in no way constitute professional investment advice. It is the responsibility of the reader to conduct their due diligence and seek investment advice from a licensed professional before making any investment decisions. The author disclaims all liability for any actions taken based on the information contained in any articles published.",https://twitter.com/QuipusCapital,https://www.linkedin.com/company/56547/,,,,431,,1,540,164,1.34K,17,2024-11-02,matvey_fedosenko
https://seekingalpha.com/author/joseph-parrish,Joseph Parrish,https://static2.seekingalpha.com/images/users_profile/059/452/134/extra_large_pic.png,,Seeking Alpha Analyst since 2023,,"My articles are written with a mind to owning a stock for years, not trying to predict price movements in a few months. I don't do target prices; I do valuations.I first entered investing in 2020 as an individual value investor, keen to understand the fundamentals of businesses and buy their shares at attractive prices. From May 2022 to May 2023, I worked as an investment advisory representative at Fidelity Investments. I am now self-employed through other ventures.Part of my technique is to write an article as though it is a letter to my future self. I look at it as a chance for my ideas to improve and grow as I follow each company. As such, I tend to start from a place of caution. I used to write many Sell pieces. As of March 2024, I stopped doing that, and I simplified my approach to ""Buy or Don't Buy."" Many of my articles will either be Buy or Hold going forward. I have yet to issue a Strong Buy rating to any security.",https://twitter.com/SeekingAlpha,https://www.linkedin.com/company/56547/,,,,181,,,388,234,1.75K,7,2024-11-02,matvey_fedosenko
https://seekingalpha.com/author/hong-chew-eu,Hong Chew Eu,https://static2.seekingalpha.com/images/users_profile/052/417/482/extra_large_pic.png,,Seeking Alpha Analyst since 2020,,"BSc (Eng), MBA. Self-taught value investor with 2 decades of investing experience. Blogger at i4value.asia. The blog is on value investing through case studies where I analyze and value listed companies in the ASEAN and US regions. I have an exceptional perspective having served as a Board member of a Malaysia listed company for several decades. I have value investing book ""Do you really want to master value investing?"" on Amazon",https://twitter.com/SeekingAlpha,https://www.linkedin.com/in/hong-chew-eu-ba0830204/,,,,134,,2,500,,932,2,2024-11-02,matvey_fedosenko
https://seekingalpha.com/author/chilton-reit-team,Chilton REIT Team,https://static2.seekingalpha.com/images/users_profile/016/864/742/extra_large_pic.png,,Seeking Alpha Analyst since 2013,Chilton capital management,"The REIT Team of Chilton Capital Management, a Houston-based investment adviser, is headed by co-portfolio managers Bruce Garrison, CFA, and Matt Werner, CFA. Mr. Garrison has over 40 years of experience analyzing public REITs both on the buy-side and the sell-side. Mr. Werner joined Mr. Garrison on the Chilton REIT Team in 2009. The REIT Team’s strategy primarily pursues investments in publicly traded real estate investment trusts (REITs) and real estate related entities based primarily in North America. The REIT Team believes public REITs are superior vehicles for investing in real estate due to their liquidity, transparency, and total return characteristics. Investing in public securities enhances the REIT Team’s ability to diversify by geography, sector, strategy, property, and tenant while maintaining portfolio liquidity. REIT property types include apartments, regional malls, shopping centers, lodging, office, industrial, self-storage, data centers/cell towers, and a variety of health care related facilities. The REIT Team focuses on traditional methods of security analysis; primarily research, critical thought and analytical depth, which are integral to their investment process. The REIT Team’s investment approach seeks to combine its real estate industry experience with traditional methods of security selection to make sound investment decisions in real estate companies. The Chilton REIT Team manages Separately Managed Accounts (SMAs) for high net worth individuals and institutions. Additionally, the REIT Team is the sub-advisor for an open-end investment company, the West Loop Realty Fund (tickers: REIIX, REIAX, and REICX). Before investing one should carefully consider the West Loop Realty Fund’s investment objectives, risks, charges and expenses. This and other information is in the prospectus and summary prospectus, a copy of which may be obtained by calling 800-207-7108. Please read the Fund’s prospectus or summary prospectus carefully before investing. The Fund may not be suitable for all investors. We encourage you to consult with appropriate financial professionals before considering an investment in the Fund. Liberty Street Advisors, Inc. is the advisor to the Fund. The Fund is part of the Liberty Street family of funds within the series of Investment Managers Series Trust. The Fund is Distributed by Foreside Fund Services, LLC. Chilton Capital Management, LLC is an independently owned and operated firm formed in 1996. Chilton provides investment advisory services for registered investment companies, private clients, family offices, endowments, foundations, retirement plans and trusts. For more information about Chilton Capital Management’s REIT Team, please visit www.chiltoncapital.com/reit/ or email info@chiltoncapital.com. Additional information about Chilton Capital Management LLC is also available on the United States Securities and Exchange Commission’s website at www.adviserinfo.sec.gov. The searchable IARD/CRD number for Chilton Capital Management LLC is 104592. ",https://twitter.com/SeekingAlpha,https://www.linkedin.com/company/chilton-capital-management,,,,129,,,85,26,1.81K,3,2024-11-02,matvey_fedosenko
https://seekingalpha.com/author/political-comments,Political Comments,https://static2.seekingalpha.com/images/users_profile/050/042/294/extra_large_pic.png,,Seeking Alpha Analyst since 2019,Seeking alpha,"This is the go-to destination for political comments on Seeking Alpha.These comments are not regulated with the same rigor as the rest of the site, and this is an 'enter at your own risk' area as discussion can get very heated. If you can't stand the heat...you know what they say...The one guideline we do still require strict adherence to is refraining from personal attacks on fellow commenters. Regardless of which side of the political divide you find yourself, please be courteous and don't direct abuse at other users. ",https://twitter.com/SeekingAlpha,https://www.linkedin.com/company/56547/,,,,1.87K,,3,1.58K,4,4.65K,5,2024-11-02,matvey_fedosenko
